Date,Order ID,Channel,Gross sales,Discounts,Shipping charged to buyer,Sales tax collected,Marketplace fees,Payment processing fees,Ads fees (on platform),Refunds,Net to bank
,,,,,,,,,,,"=IF($A2="""","""",D2-E2+F2+G2-H2-I2-J2-K2)"
,,,,,,,,,,,"=IF($A3="""","""",D3-E3+F3+G3-H3-I3-J3-K3)"
,,,,,,,,,,,"=IF($A4="""","""",D4-E4+F4+G4-H4-I4-J4-K4)"
,,,,,,,,,,,"=IF($A5="""","""",D5-E5+F5+G5-H5-I5-J5-K5)"
,,,,,,,,,,,"=IF($A6="""","""",D6-E6+F6+G6-H6-I6-J6-K6)"
,,,,,,,,,,,"=IF($A7="""","""",D7-E7+F7+G7-H7-I7-J7-K7)"
,,,,,,,,,,,"=IF($A8="""","""",D8-E8+F8+G8-H8-I8-J8-K8)"
,,,,,,,,,,,"=IF($A9="""","""",D9-E9+F9+G9-H9-I9-J9-K9)"
,,,,,,,,,,,"=IF($A10="""","""",D10-E10+F10+G10-H10-I10-J10-K10)"
,,,,,,,,,,,"=IF($A11="""","""",D11-E11+F11+G11-H11-I11-J11-K11)"
,,,,,,,,,,,"=IF($A12="""","""",D12-E12+F12+G12-H12-I12-J12-K12)"
,,,,,,,,,,,"=IF($A13="""","""",D13-E13+F13+G13-H13-I13-J13-K13)"
,,,,,,,,,,,"=IF($A14="""","""",D14-E14+F14+G14-H14-I14-J14-K14)"
,,,,,,,,,,,"=IF($A15="""","""",D15-E15+F15+G15-H15-I15-J15-K15)"
,,,,,,,,,,,"=IF($A16="""","""",D16-E16+F16+G16-H16-I16-J16-K16)"
,,,,,,,,,,,"=IF($A17="""","""",D17-E17+F17+G17-H17-I17-J17-K17)"
,,,,,,,,,,,"=IF($A18="""","""",D18-E18+F18+G18-H18-I18-J18-K18)"
,,,,,,,,,,,"=IF($A19="""","""",D19-E19+F19+G19-H19-I19-J19-K19)"
,,,,,,,,,,,"=IF($A20="""","""",D20-E20+F20+G20-H20-I20-J20-K20)"
,,,,,,,,,,,"=IF($A21="""","""",D21-E21+F21+G21-H21-I21-J21-K21)"
,,,,,,,,,,,"=IF($A22="""","""",D22-E22+F22+G22-H22-I22-J22-K22)"
,,,,,,,,,,,"=IF($A23="""","""",D23-E23+F23+G23-H23-I23-J23-K23)"
,,,,,,,,,,,"=IF($A24="""","""",D24-E24+F24+G24-H24-I24-J24-K24)"
,,,,,,,,,,,"=IF($A25="""","""",D25-E25+F25+G25-H25-I25-J25-K25)"
,,,,,,,,,,,"=IF($A26="""","""",D26-E26+F26+G26-H26-I26-J26-K26)"
,,,,,,,,,,,"=IF($A27="""","""",D27-E27+F27+G27-H27-I27-J27-K27)"
,,,,,,,,,,,"=IF($A28="""","""",D28-E28+F28+G28-H28-I28-J28-K28)"
,,,,,,,,,,,"=IF($A29="""","""",D29-E29+F29+G29-H29-I29-J29-K29)"
,,,,,,,,,,,"=IF($A30="""","""",D30-E30+F30+G30-H30-I30-J30-K30)"
,,,,,,,,,,,"=IF($A31="""","""",D31-E31+F31+G31-H31-I31-J31-K31)"
,,,,,,,,,,,"=IF($A32="""","""",D32-E32+F32+G32-H32-I32-J32-K32)"
,,,,,,,,,,,"=IF($A33="""","""",D33-E33+F33+G33-H33-I33-J33-K33)"
,,,,,,,,,,,"=IF($A34="""","""",D34-E34+F34+G34-H34-I34-J34-K34)"
,,,,,,,,,,,"=IF($A35="""","""",D35-E35+F35+G35-H35-I35-J35-K35)"
,,,,,,,,,,,"=IF($A36="""","""",D36-E36+F36+G36-H36-I36-J36-K36)"
,,,,,,,,,,,"=IF($A37="""","""",D37-E37+F37+G37-H37-I37-J37-K37)"
,,,,,,,,,,,"=IF($A38="""","""",D38-E38+F38+G38-H38-I38-J38-K38)"
,,,,,,,,,,,"=IF($A39="""","""",D39-E39+F39+G39-H39-I39-J39-K39)"
,,,,,,,,,,,"=IF($A40="""","""",D40-E40+F40+G40-H40-I40-J40-K40)"
,,,,,,,,,,,"=IF($A41="""","""",D41-E41+F41+G41-H41-I41-J41-K41)"
,,,,,,,,,,,"=IF($A42="""","""",D42-E42+F42+G42-H42-I42-J42-K42)"
,,,,,,,,,,,"=IF($A43="""","""",D43-E43+F43+G43-H43-I43-J43-K43)"
,,,,,,,,,,,"=IF($A44="""","""",D44-E44+F44+G44-H44-I44-J44-K44)"
,,,,,,,,,,,"=IF($A45="""","""",D45-E45+F45+G45-H45-I45-J45-K45)"
,,,,,,,,,,,"=IF($A46="""","""",D46-E46+F46+G46-H46-I46-J46-K46)"
,,,,,,,,,,,"=IF($A47="""","""",D47-E47+F47+G47-H47-I47-J47-K47)"
,,,,,,,,,,,"=IF($A48="""","""",D48-E48+F48+G48-H48-I48-J48-K48)"
,,,,,,,,,,,"=IF($A49="""","""",D49-E49+F49+G49-H49-I49-J49-K49)"
,,,,,,,,,,,"=IF($A50="""","""",D50-E50+F50+G50-H50-I50-J50-K50)"
,,,,,,,,,,,"=IF($A51="""","""",D51-E51+F51+G51-H51-I51-J51-K51)"
